Workbook

Sheet Assumptions
A1: Population Projection — Scenario Assumptions
A2: Source: CityPopulation.de · Lagos SDG/NBS/UN WUP 2024 · UN Environment Programme
A3: Rate Assumptions
A4: Parameter | B4: Value | C4: Rationale / Source
A5: Low scenario rate | B5: 0.0246 | C5: 2.46% p.a. — Conservative floor from (https://www.CityPopulation.de). Consistent with lower-bound UN World Urbanisation Prospects 2024 metro-area growth estimates.
A6: Central scenario rate | B6: 0.032 | C6: 3.2% p.a. — Central growth rate derived from (https://lagossdg.com/glance-lagos/) and World Bank - Lagos Platform for Development and consistent with UN World Urbanisation Prospects 2024 metro-area growth estimates.
A7: High scenario rate | B7: 0.06 | C7: 6.0% p.a. — Upper bound. Drawn from UN Environment Programme (https://www.unep.org/nigeria-0) and reflects high inward migration and peri-urban expansion (Ibeju-Lekki corridor, Ikorodu, Epe).
A8: Model Parameters
A9: Parameter | B9: Value | C9: Notes
A10: Base year | B10: 2022 | C10: Population estimates from www.citypopulation.de. All 20 Lagos State LGAs included.
A11: Projection years | B11: 2023–2025 | C11: n = 1, 2, 3 years beyond base year.
A12: Formula | B12: P(2022) × (1+r)^n | C12: Standard compound growth. r = growth rate, n = years since Base Year.
A13: Rounding | B13: Nearest 100 | C13: Matches precision of source data. Avoids false precision given uncertainty in base figures.
A14: Constituency split | B14: 50 / 50 | C14: Four LGAs with 2 constituencies each (Lagos Island, Mushin, Oshodi-Isolo, Surulere) are split equally. Actual INEC ward-level boundary data unavailable.
A15: Badagry area | B15: 441 km² | C15: For context in representational analysis. Source: Lagos State Lands Bureau.

Sheet LGA Projections
A1: Lagos State LGA Population Projections — Low / Central / High Scenarios (2022–2025) | S1: Growth Rate Assumptions
A2: Base year 2022 population estimates from CityPopulation.de · Low = 2.5% p.a. (CityPopulation.de) | Central = 3.2% p.a. (Lagos SDG and World Bank) | High = 6.0% p.a. (UNEP) · Formula: P(2022) × (1 + r)^n · Figures rounded to nearest 100 · Badagry highlighted in yellow | S2: LOW | T2: CENTRAL | U2: HIGH
E3: 2022 Base | F3: LOW SCENARIO (2.5% p.a.) | I3: CENTRAL SCENARIO (3.2% p.a.) | L3: HIGH SCENARIO (6.0% p.a.) | O3: 2025 POPULATION PER CONSTITUENCY | S3: 0.025 | T3: 0.032 | U3: 0.06
A4: # | B4: LGA | C4: Federal Constituency/ies | D4: Seats | E4: 2022 Pop. | F4: 2023 | G4: 2024 | H4: 2025 | I4: 2023 | J4: 2024 | K4: 2025 | L4: 2023 | M4: 2024 | N4: 2025 | O4: Low | P4: Central | Q4: High
A5: 1 | B5: Alimosho | C5: Alimosho | D5: 1 | E5: 1953500 | F5: =ROUND($E5*(1+$S$3)^1, 0) -> 2002338 | G5: =ROUND($E5*(1+$S$3)^2, 0) -> 2052396 | H5: =ROUND($E5*(1+$S$3)^3, 0) -> 2103706 | I5: =ROUND($E5*(1+$T$3)^1, 0) -> 2016012 | J5: =ROUND($E5*(1+$T$3)^2, 0) -> 2080524 | K5: =ROUND($E5*(1+$T$3)^3, 0) -> 2147101 | L5: =ROUND($E5*(1+$U$3)^1, 0) -> 2070710 | M5: =ROUND($E5*(1+$U$3)^2, 0) -> 2194953 | N5: =ROUND($E5*(1+$U$3)^3, 0) -> 2326650 | O5: =H5/$D5 -> 2103706 | P5: =K5/$D5 -> 2147101 | Q5: =N5/$D5 -> 2326650
A6: 2 | B6: Ajeromi-Ifelodun | C6: Ajeromi-Ifelodun | D6: 1 | E6: 1017500 | F6: =ROUND($E6*(1+$S$3)^1, 0) -> 1042938 | G6: =ROUND($E6*(1+$S$3)^2, 0) -> 1069011 | H6: =ROUND($E6*(1+$S$3)^3, 0) -> 1095736 | I6: =ROUND($E6*(1+$T$3)^1, 0) -> 1050060 | J6: =ROUND($E6*(1+$T$3)^2, 0) -> 1083662 | K6: =ROUND($E6*(1+$T$3)^3, 0) -> 1118339 | L6: =ROUND($E6*(1+$U$3)^1, 0) -> 1078550 | M6: =ROUND($E6*(1+$U$3)^2, 0) -> 1143263 | N6: =ROUND($E6*(1+$U$3)^3, 0) -> 1211859 | O6: =H6/$D6 -> 1095736 | P6: =K6/$D6 -> 1118339 | Q6: =N6/$D6 -> 1211859
A7: 3 | B7: Kosofe | C7: Kosofe | D7: 1 | E7: 1010800 | F7: =ROUND($E7*(1+$S$3)^1, 0) -> 1036070 | G7: =ROUND($E7*(1+$S$3)^2, 0) -> 1061972 | H7: =ROUND($E7*(1+$S$3)^3, 0) -> 1088521 | I7: =ROUND($E7*(1+$T$3)^1, 0) -> 1043146 | J7: =ROUND($E7*(1+$T$3)^2, 0) -> 1076526 | K7: =ROUND($E7*(1+$T$3)^3, 0) -> 1110975 | L7: =ROUND($E7*(1+$U$3)^1, 0) -> 1071448 | M7: =ROUND($E7*(1+$U$3)^2, 0) -> 1135735 | N7: =ROUND($E7*(1+$U$3)^3, 0) -> 1203879 | O7: =H7/$D7 -> 1088521 | P7: =K7/$D7 -> 1110975 | Q7: =N7/$D7 -> 1203879
A8: 4 | B8: Mushin | C8: Mushin I & II | D8: 2 | E8: 935400 | F8: =ROUND($E8*(1+$S$3)^1, 0) -> 958785 | G8: =ROUND($E8*(1+$S$3)^2, 0) -> 982755 | H8: =ROUND($E8*(1+$S$3)^3, 0) -> 1007323 | I8: =ROUND($E8*(1+$T$3)^1, 0) -> 965333 | J8: =ROUND($E8*(1+$T$3)^2, 0) -> 996223 | K8: =ROUND($E8*(1+$T$3)^3, 0) -> 1028103 | L8: =ROUND($E8*(1+$U$3)^1, 0) -> 991524 | M8: =ROUND($E8*(1+$U$3)^2, 0) -> 1051015 | N8: =ROUND($E8*(1+$U$3)^3, 0) -> 1114076 | O8: =H8/$D8 -> 503661.5 | P8: =K8/$D8 -> 514051.5 | Q8: =N8/$D8 -> 557038
A9: 5 | B9: Oshodi-Isolo | C9: Oshodi-Isolo I & II | D9: 2 | E9: 931300 | F9: =ROUND($E9*(1+$S$3)^1, 0) -> 954583 | G9: =ROUND($E9*(1+$S$3)^2, 0) -> 978447 | H9: =ROUND($E9*(1+$S$3)^3, 0) -> 1002908 | I9: =ROUND($E9*(1+$T$3)^1, 0) -> 961102 | J9: =ROUND($E9*(1+$T$3)^2, 0) -> 991857 | K9: =ROUND($E9*(1+$T$3)^3, 0) -> 1023596 | L9: =ROUND($E9*(1+$U$3)^1, 0) -> 987178 | M9: =ROUND($E9*(1+$U$3)^2, 0) -> 1046409 | N9: =ROUND($E9*(1+$U$3)^3, 0) -> 1109193 | O9: =H9/$D9 -> 501454 | P9: =K9/$D9 -> 511798 | Q9: =N9/$D9 -> 554596.5
A10: 6 | B10: Ojo | C10: Ojo | D10: 1 | E10: 901800 | F10: =ROUND($E10*(1+$S$3)^1, 0) -> 924345 | G10: =ROUND($E10*(1+$S$3)^2, 0) -> 947454 | H10: =ROUND($E10*(1+$S$3)^3, 0) -> 971140 | I10: =ROUND($E10*(1+$T$3)^1, 0) -> 930658 | J10: =ROUND($E10*(1+$T$3)^2, 0) -> 960439 | K10: =ROUND($E10*(1+$T$3)^3, 0) -> 991173 | L10: =ROUND($E10*(1+$U$3)^1, 0) -> 955908 | M10: =ROUND($E10*(1+$U$3)^2, 0) -> 1013262 | N10: =ROUND($E10*(1+$U$3)^3, 0) -> 1074058 | O10: =H10/$D10 -> 971140 | P10: =K10/$D10 -> 991173 | Q10: =N10/$D10 -> 1074058
A11: 7 | B11: Ikorodu | C11: Ikorodu | D11: 1 | E11: 781500 | F11: =ROUND($E11*(1+$S$3)^1, 0) -> 801038 | G11: =ROUND($E11*(1+$S$3)^2, 0) -> 821063 | H11: =ROUND($E11*(1+$S$3)^3, 0) -> 841590 | I11: =ROUND($E11*(1+$T$3)^1, 0) -> 806508 | J11: =ROUND($E11*(1+$T$3)^2, 0) -> 832316 | K11: =ROUND($E11*(1+$T$3)^3, 0) -> 858950 | L11: =ROUND($E11*(1+$U$3)^1, 0) -> 828390 | M11: =ROUND($E11*(1+$U$3)^2, 0) -> 878093 | N11: =ROUND($E11*(1+$U$3)^3, 0) -> 930779 | O11: =H11/$D11 -> 841590 | P11: =K11/$D11 -> 858950 | Q11: =N11/$D11 -> 930779
A12: 8 | B12: Surulere | C12: Surulere I & II | D12: 2 | E12: 744400 | F12: =ROUND($E12*(1+$S$3)^1, 0) -> 763010 | G12: =ROUND($E12*(1+$S$3)^2, 0) -> 782085 | H12: =ROUND($E12*(1+$S$3)^3, 0) -> 801637 | I12: =ROUND($E12*(1+$T$3)^1, 0) -> 768221 | J12: =ROUND($E12*(1+$T$3)^2, 0) -> 792804 | K12: =ROUND($E12*(1+$T$3)^3, 0) -> 818174 | L12: =ROUND($E12*(1+$U$3)^1, 0) -> 789064 | M12: =ROUND($E12*(1+$U$3)^2, 0) -> 836408 | N12: =ROUND($E12*(1+$U$3)^3, 0) -> 886592 | O12: =H12/$D12 -> 400818.5 | P12: =K12/$D12 -> 409087 | Q12: =N12/$D12 -> 443296
A13: 9 | B13: Agege | C13: Agege | D13: 1 | E13: 683600 | F13: =ROUND($E13*(1+$S$3)^1, 0) -> 700690 | G13: =ROUND($E13*(1+$S$3)^2, 0) -> 718207 | H13: =ROUND($E13*(1+$S$3)^3, 0) -> 736162 | I13: =ROUND($E13*(1+$T$3)^1, 0) -> 705475 | J13: =ROUND($E13*(1+$T$3)^2, 0) -> 728050 | K13: =ROUND($E13*(1+$T$3)^3, 0) -> 751348 | L13: =ROUND($E13*(1+$U$3)^1, 0) -> 724616 | M13: =ROUND($E13*(1+$U$3)^2, 0) -> 768093 | N13: =ROUND($E13*(1+$U$3)^3, 0) -> 814179 | O13: =H13/$D13 -> 736162 | P13: =K13/$D13 -> 751348 | Q13: =N13/$D13 -> 814179
A14: 10 | B14: Ifako-Ijaye | C14: Ifako-Ijaiye | D14: 1 | E14: 633200 | F14: =ROUND($E14*(1+$S$3)^1, 0) -> 649030 | G14: =ROUND($E14*(1+$S$3)^2, 0) -> 665256 | H14: =ROUND($E14*(1+$S$3)^3, 0) -> 681887 | I14: =ROUND($E14*(1+$T$3)^1, 0) -> 653462 | J14: =ROUND($E14*(1+$T$3)^2, 0) -> 674373 | K14: =ROUND($E14*(1+$T$3)^3, 0) -> 695953 | L14: =ROUND($E14*(1+$U$3)^1, 0) -> 671192 | M14: =ROUND($E14*(1+$U$3)^2, 0) -> 711464 | N14: =ROUND($E14*(1+$U$3)^3, 0) -> 754151 | O14: =H14/$D14 -> 681887 | P14: =K14/$D14 -> 695953 | Q14: =N14/$D14 -> 754151
A15: 11 | B15: Shomolu | C15: Somolu | D15: 1 | E15: 597400 | F15: =ROUND($E15*(1+$S$3)^1, 0) -> 612335 | G15: =ROUND($E15*(1+$S$3)^2, 0) -> 627643 | H15: =ROUND($E15*(1+$S$3)^3, 0) -> 643334 | I15: =ROUND($E15*(1+$T$3)^1, 0) -> 616517 | J15: =ROUND($E15*(1+$T$3)^2, 0) -> 636245 | K15: =ROUND($E15*(1+$T$3)^3, 0) -> 656605 | L15: =ROUND($E15*(1+$U$3)^1, 0) -> 633244 | M15: =ROUND($E15*(1+$U$3)^2, 0) -> 671239 | N15: =ROUND($E15*(1+$U$3)^3, 0) -> 711513 | O15: =H15/$D15 -> 643334 | P15: =K15/$D15 -> 656605 | Q15: =N15/$D15 -> 711513
A16: 12 | B16: Amuwo-Odofin | C16: Amuwo-Odofin | D16: 1 | E16: 487000 | F16: =ROUND($E16*(1+$S$3)^1, 0) -> 499175 | G16: =ROUND($E16*(1+$S$3)^2, 0) -> 511654 | H16: =ROUND($E16*(1+$S$3)^3, 0) -> 524446 | I16: =ROUND($E16*(1+$T$3)^1, 0) -> 502584 | J16: =ROUND($E16*(1+$T$3)^2, 0) -> 518667 | K16: =ROUND($E16*(1+$T$3)^3, 0) -> 535264 | L16: =ROUND($E16*(1+$U$3)^1, 0) -> 516220 | M16: =ROUND($E16*(1+$U$3)^2, 0) -> 547193 | N16: =ROUND($E16*(1+$U$3)^3, 0) -> 580025 | O16: =H16/$D16 -> 524446 | P16: =K16/$D16 -> 535264 | Q16: =N16/$D16 -> 580025
... A24: 20 | B24: Ibeju/Lekki | C24: Ibeju-Lekki | D24: 1 | E24: 174400 | F24: =ROUND($E24*(1+$S$3)^1, 0) -> 178760 | G24: =ROUND($E24*(1+$S$3)^2, 0) -> 183229 | H24: =ROUND($E24*(1+$S$3)^3, 0) -> 187810 | I24: =ROUND($E24*(1+$T$3)^1, 0) -> 179981 | J24: =ROUND($E24*(1+$T$3)^2, 0) -> 185740 | K24: =ROUND($E24*(1+$T$3)^3, 0) -> 191684 | L24: =ROUND($E24*(1+$U$3)^1, 0) -> 184864 | M24: =ROUND($E24*(1+$U$3)^2, 0) -> 195956 | N24: =ROUND($E24*(1+$U$3)^3, 0) -> 207713 | O24: =H24/$D24 -> 187810 | P24: =K24/$D24 -> 191684 | Q24: =N24/$D24 -> 207713
B25: TOTAL (state) | E25: =SUM(E5:E24) -> 13491600 | F25: =SUM(F5:F24) -> 13828894 | G25: =SUM(G5:G24) -> 14174612 | H25: =SUM(H5:H24) -> 14528977 | I25: =SUM(I5:I24) -> 13923332 | J25: =SUM(J5:J24) -> 14368876 | K25: =SUM(K5:K24) -> 14828681 | L25: =SUM(L5:L24) -> 14301096 | ... N25: =SUM(N5:N24) -> 16068711
B26: Avg per constituency (24 seats) | H26: =H25/24 -> 605374.04 | K26: =K25/24 -> 617861.71 | N26: =N25/24 -> 669529.62

Sheet Badagry Focus
A1: Badagry Federal Constituency — Population Scenario Analysis
A2: Comparing Badagry's estimated 2025 population against the Lagos State constituency average and the four split constituencies (Mushin, Oshodi-Isolo, Surulere, and Lagos Island).
A3: Section 1 — Badagry Population by Year and Scenario
A4: Year | B4: Low (2.5%) | C4: Central (3.2%) | D4: High (6.0%) | E4: Notes
A5: 2022 | B5: 351900 | C5: 351900 | D5: 351900 | E5: Base year
A6: 2023 | B6: ='LGA Projections'!F$20 -> 360698 | C6: ='LGA Projections'!I$20 -> 363161 | D6: ='LGA Projections'!L$20 -> 373014 | E6: Year 1 projection
A7: 2024 | B7: ='LGA Projections'!G$20 -> 369715 | C7: ='LGA Projections'!J$20 -> 374782 | D7: ='LGA Projections'!M$20 -> 395395 | E7: Year 2 projection
A8: 2025 | B8: ='LGA Projections'!H$20 -> 378958 | C8: ='LGA Projections'!K$20 -> 386775 | D8: ='LGA Projections'!N$20 -> 419119 | E8: Year 3 projection
A10: Section 2 — Badagry vs Lagos Constituency Average (2025 estimates)
A11: Metric | B11: Low Scenario | C11: Central Scenario | D11: High Scenario | E11: Significance
A12: Badagry 2025 population | B12: 378958 | C12: 386775 | D12: 419119 | E12: Single federal constituency, population estimates
A13: Lagos state avg per constituency | B13: 605374.04 | C13: 617861.71 | D13: 669530 | E13: State total ÷ 24 constituencies
A14: Badagry as % of state avg | B14: =B12/B13 -> 0.62598984 | C14: =C12/C13 -> 0.62598959 | D14: =D12/D13 -> 0.62598987 | E14: The population of Badagry is 62.6% of the average constituency
A16: Section 3 — Comparison Constituencies (using central rate)
A17: Constituency / LGA | B17: Parent LGA | C17: Area (km²) | D17: 2025 Pop (Central) | E17: Pop per km² | F17: Significance
A18: Alimosho | B18: Alimosho | C18: 184 | D18: 2147101 | E18: =D18/C18 -> 11669.027 | F18: Alimosho is the largest Constituency/LGA by population
A19: Ikorodu | B19: Ikorodu | C19: 394 | D19: 858950 | E19: =D19/C19 -> 2180.0761
A20: Badagry | B20: Badagry | C20: 441 | D20: 386775 | E20: =D20/C20 -> 877.04082 | F20: Our LGA of interest
A21: Surulere I (est.) | B21: Surulere | C21: 23 | D21: 409087 | E21: =D21/C21 -> 17786.391 | F21: Surulere is split into two federal constituencies
A22: Lagos Island I (est.) | B22: Lagos Island | C22: 9.3 | D22: 173054 | E22: =D22/C22 -> 18607.957 | F22: Lagos Island has a lower population than Badagry but is split into two federal constituencies
A23: Epe | B23: Epe | C23: 965 | D23: 295659 | E23: =D23/C23 -> 306.38238 | F23: Epe is provided for comparison as a large (in size) LGA
A24: Mushin I (est.) | B24: Mushin | C24: 17.01 | D24: 514051.5 | E24: =D24/C24 -> 30220.547 | F24: Mushin is split into two federal constituencies
A25: Oshodi-Isolo I (est.) | B25: Oshodi-Isolo | C25: 54 | D25: 511798 | E25: =D25/C25 -> 9477.7407 | F25: Oshodi-Isolo is split into two federal constituencies
